[
  {
    "movieId": 1,
    "movieName": "A Thursday",
    "movieDescription": "When a playschool teacher kidnaps 16 small students and she puts a series of demands.",
    "language": "Hindi",
    "runningLength": "128 minutes",
    "ratings": "8.2/10",
    "city": "Mumbai"
  }, 

  {
    "movieId": 2,
    "movieName": "Gehraiyaan",
    "movieDescription": "Takes you on a journey into the deep rooted intricacies of modern human relationships.",
    "language": "Hindi",
    "runningLength": "148 minutes",
    "ratings": "6.4/10",
    "city": "Mumbai"
  },

    {
    "movieId": 3,
    "movieName": "Spider-Man: No Way Home",
    "movieDescription": "American superhero film based on the Marvel Comics character Spider-Man",
    "language": "English",
    "runningLength": "148 minutes",
    "ratings": "8/10",
    "city": "Mumbai"
  },

  {
    "movieId": 4,
    "movieName": "Gangubai Kathiawadi",
    "movieDescription": "A woman becomes a powerful underworld figure.",
    "language": "Hindi",
    "runningLength": "154 minutes",
    "ratings": "7/10",
    "city": "Mumbai"
  }
]